residue	pLDDT	confidence	region
C001	91	high	predicted
D002	92	high	predicted
E003	93	high	predicted
F004	94	high	predicted
G005	95	high	predicted
H006	96	high	predicted
I007	97	high	predicted
K008	98	high	predicted
L009	99	high	predicted
M010	90	high	predicted
N011	91	high	predicted
P012	92	high	predicted
Q013	93	high	predicted
R014	94	high	predicted
S015	95	high	predicted
T016	96	high	predicted
V017	97	high	predicted
W018	98	high	predicted
Y019	99	high	predicted
A020	90	high	predicted
C021	51	medium	predicted
D022	52	medium	predicted
E023	53	medium	predicted
F024	54	medium	predicted
G025	55	medium	predicted
H026	56	medium	predicted
I027	57	medium	predicted
K028	58	medium	predicted
L029	59	medium	predicted
M030	60	medium	predicted
N031	51	low	predicted
P032	52	low	predicted
Q033	53	low	predicted
R034	54	low	predicted
S035	55	low	predicted
T036	56	low	predicted
V037	57	low	predicted
W038	58	low	predicted
Y039	59	low	predicted
A040	20	low	predicted
C041	21	low	predicted
D042	22	low	predicted
E043	23	low	predicted
F044	24	low	predicted
G045	25	low	predicted
H046	26	low	predicted
I047	27	low	predicted
K048	28	low	predicted
L049	29	low	predicted
M050	30	low	predicted
